{
    "center_x": 1260.2709067561084,
    "center_y": 955.8271272325265,
    "focal": 3.8134309175474552,
    "pixel": 0.0014300411522633746,
    "K1": -2.740310623233222e-08,
    "K2": 1.5647799727441311e-15,
    "K3": -6.50337247898053e-30
}